label,name
1,GoodImg/Bmp/Sample001/img001-00001.png
1,GoodImg/Bmp/Sample001/img001-00011.png
1,GoodImg/Bmp/Sample001/img001-00015.png
1,GoodImg/Bmp/Sample001/img001-00026.png
1,GoodImg/Bmp/Sample001/img001-00037.png
1,GoodImg/Bmp/Sample001/img001-00038.png
1,GoodImg/Bmp/Sample001/img001-00044.png
1,GoodImg/Bmp/Sample001/img001-00048.png
1,GoodImg/Bmp/Sample001/img001-00056.png
1,GoodImg/Bmp/Sample001/img001-00091.png
1,BadImag/Bmp/Sample001/img001-00012.png
1,BadImag/Bmp/Sample001/img001-00018.png
1,BadImag/Bmp/Sample001/img001-00035.png
1,BadImag/Bmp/Sample001/img001-00037.png
1,BadImag/Bmp/Sample001/img001-00049.png
2,GoodImg/Bmp/Sample002/img002-00003.png
2,GoodImg/Bmp/Sample002/img002-00025.png
2,GoodImg/Bmp/Sample002/img002-00033.png
2,GoodImg/Bmp/Sample002/img002-00034.png
2,GoodImg/Bmp/Sample002/img002-00039.png
2,GoodImg/Bmp/Sample002/img002-00044.png
2,GoodImg/Bmp/Sample002/img002-00068.png
2,BadImag/Bmp/Sample002/img002-00002.png
2,BadImag/Bmp/Sample002/img002-00032.png
2,BadImag/Bmp/Sample002/img002-00033.png
2,BadImag/Bmp/Sample002/img002-00035.png
2,BadImag/Bmp/Sample002/img002-00039.png
2,BadImag/Bmp/Sample002/img002-00042.png
2,BadImag/Bmp/Sample002/img002-00044.png
2,BadImag/Bmp/Sample002/img002-00047.png
3,GoodImg/Bmp/Sample003/img003-00003.png
3,GoodImg/Bmp/Sample003/img003-00004.png
3,GoodImg/Bmp/Sample003/img003-00007.png
3,GoodImg/Bmp/Sample003/img003-00008.png
3,GoodImg/Bmp/Sample003/img003-00010.png
3,GoodImg/Bmp/Sample003/img003-00013.png
3,GoodImg/Bmp/Sample003/img003-00022.png
3,GoodImg/Bmp/Sample003/img003-00025.png
3,GoodImg/Bmp/Sample003/img003-00038.png
3,GoodImg/Bmp/Sample003/img003-00048.png
3,GoodImg/Bmp/Sample003/img003-00070.png
3,BadImag/Bmp/Sample003/img003-00016.png
3,BadImag/Bmp/Sample003/img003-00022.png
3,BadImag/Bmp/Sample003/img003-00025.png
3,BadImag/Bmp/Sample003/img003-00033.png
4,GoodImg/Bmp/Sample004/img004-00003.png
4,GoodImg/Bmp/Sample004/img004-00007.png
4,GoodImg/Bmp/Sample004/img004-00008.png
4,GoodImg/Bmp/Sample004/img004-00013.png
4,GoodImg/Bmp/Sample004/img004-00019.png
4,GoodImg/Bmp/Sample004/img004-00028.png
4,GoodImg/Bmp/Sample004/img004-00031.png
4,GoodImg/Bmp/Sample004/img004-00032.png
4,GoodImg/Bmp/Sample004/img004-00034.png
4,GoodImg/Bmp/Sample004/img004-00040.png
4,GoodImg/Bmp/Sample004/img004-00042.png
4,GoodImg/Bmp/Sample004/img004-00045.png
4,GoodImg/Bmp/Sample004/img004-00046.png
4,BadImag/Bmp/Sample004/img004-00016.png
4,BadImag/Bmp/Sample004/img004-00020.png
5,GoodImg/Bmp/Sample005/img005-00001.png
5,GoodImg/Bmp/Sample005/img005-00011.png
5,GoodImg/Bmp/Sample005/img005-00015.png
5,GoodImg/Bmp/Sample005/img005-00016.png
5,GoodImg/Bmp/Sample005/img005-00020.png
5,GoodImg/Bmp/Sample005/img005-00022.png
5,GoodImg/Bmp/Sample005/img005-00029.png
5,GoodImg/Bmp/Sample005/img005-00034.png
5,GoodImg/Bmp/Sample005/img005-00041.png
5,BadImag/Bmp/Sample005/img005-00003.png
5,BadImag/Bmp/Sample005/img005-00004.png
5,BadImag/Bmp/Sample005/img005-00007.png
5,BadImag/Bmp/Sample005/img005-00011.png
5,BadImag/Bmp/Sample005/img005-00015.png
5,BadImag/Bmp/Sample005/img005-00024.png
6,GoodImg/Bmp/Sample006/img006-00003.png
6,GoodImg/Bmp/Sample006/img006-00007.png
6,GoodImg/Bmp/Sample006/img006-00009.png
6,GoodImg/Bmp/Sample006/img006-00011.png
6,GoodImg/Bmp/Sample006/img006-00015.png
6,GoodImg/Bmp/Sample006/img006-00018.png
6,GoodImg/Bmp/Sample006/img006-00020.png
6,GoodImg/Bmp/Sample006/img006-00021.png
6,GoodImg/Bmp/Sample006/img006-00023.png
6,GoodImg/Bmp/Sample006/img006-00028.png
6,GoodImg/Bmp/Sample006/img006-00038.png
6,GoodImg/Bmp/Sample006/img006-00044.png
6,GoodImg/Bmp/Sample006/img006-00058.png
6,BadImag/Bmp/Sample006/img006-00010.png
6,BadImag/Bmp/Sample006/img006-00017.png
7,GoodImg/Bmp/Sample007/img007-00002.png
7,GoodImg/Bmp/Sample007/img007-00004.png
7,GoodImg/Bmp/Sample007/img007-00007.png
7,GoodImg/Bmp/Sample007/img007-00017.png
7,GoodImg/Bmp/Sample007/img007-00023.png
7,GoodImg/Bmp/Sample007/img007-00028.png
7,GoodImg/Bmp/Sample007/img007-00029.png
7,GoodImg/Bmp/Sample007/img007-00032.png
7,GoodImg/Bmp/Sample007/img007-00041.png
7,GoodImg/Bmp/Sample007/img007-00051.png
7,GoodImg/Bmp/Sample007/img007-00052.png
7,BadImag/Bmp/Sample007/img007-00006.png
7,BadImag/Bmp/Sample007/img007-00009.png
7,BadImag/Bmp/Sample007/img007-00017.png
7,BadImag/Bmp/Sample007/img007-00020.png
8,GoodImg/Bmp/Sample008/img008-00003.png
8,GoodImg/Bmp/Sample008/img008-00004.png
8,GoodImg/Bmp/Sample008/img008-00010.png
8,GoodImg/Bmp/Sample008/img008-00011.png
8,GoodImg/Bmp/Sample008/img008-00013.png
8,GoodImg/Bmp/Sample008/img008-00015.png
8,GoodImg/Bmp/Sample008/img008-00017.png
8,GoodImg/Bmp/Sample008/img008-00020.png
8,GoodImg/Bmp/Sample008/img008-00023.png
8,GoodImg/Bmp/Sample008/img008-00025.png
8,GoodImg/Bmp/Sample008/img008-00027.png
8,GoodImg/Bmp/Sample008/img008-00048.png
8,BadImag/Bmp/Sample008/img008-00003.png
8,BadImag/Bmp/Sample008/img008-00007.png
8,BadImag/Bmp/Sample008/img008-00010.png
9,GoodImg/Bmp/Sample009/img009-00002.png
9,GoodImg/Bmp/Sample009/img009-00003.png
9,GoodImg/Bmp/Sample009/img009-00004.png
9,GoodImg/Bmp/Sample009/img009-00007.png
9,GoodImg/Bmp/Sample009/img009-00008.png
9,GoodImg/Bmp/Sample009/img009-00009.png
9,GoodImg/Bmp/Sample009/img009-00015.png
9,GoodImg/Bmp/Sample009/img009-00018.png
9,GoodImg/Bmp/Sample009/img009-00023.png
9,GoodImg/Bmp/Sample009/img009-00030.png
9,GoodImg/Bmp/Sample009/img009-00031.png
9,BadImag/Bmp/Sample009/img009-00001.png
9,BadImag/Bmp/Sample009/img009-00003.png
9,BadImag/Bmp/Sample009/img009-00006.png
9,BadImag/Bmp/Sample009/img009-00008.png
10,GoodImg/Bmp/Sample010/img010-00002.png
10,GoodImg/Bmp/Sample010/img010-00003.png
10,GoodImg/Bmp/Sample010/img010-00020.png
10,GoodImg/Bmp/Sample010/img010-00026.png
10,GoodImg/Bmp/Sample010/img010-00033.png
10,GoodImg/Bmp/Sample010/img010-00034.png
10,BadImag/Bmp/Sample010/img010-00002.png
10,BadImag/Bmp/Sample010/img010-00006.png
10,BadImag/Bmp/Sample010/img010-00014.png
10,BadImag/Bmp/Sample010/img010-00015.png
10,BadImag/Bmp/Sample010/img010-00016.png
10,BadImag/Bmp/Sample010/img010-00021.png
10,BadImag/Bmp/Sample010/img010-00023.png
10,BadImag/Bmp/Sample010/img010-00026.png
10,BadImag/Bmp/Sample010/img010-00027.png
11,GoodImg/Bmp/Sample011/img011-00030.png
11,GoodImg/Bmp/Sample011/img011-00184.png
11,GoodImg/Bmp/Sample011/img011-00275.png
11,GoodImg/Bmp/Sample011/img011-00288.png
11,GoodImg/Bmp/Sample011/img011-00326.png
11,GoodImg/Bmp/Sample011/img011-00328.png
11,GoodImg/Bmp/Sample011/img011-00384.png
11,GoodImg/Bmp/Sample011/img011-00402.png
11,GoodImg/Bmp/Sample011/img011-00412.png
11,GoodImg/Bmp/Sample011/img011-00539.png
11,BadImag/Bmp/Sample011/img011-00117.png
11,BadImag/Bmp/Sample011/img011-00131.png
11,BadImag/Bmp/Sample011/img011-00167.png
11,BadImag/Bmp/Sample011/img011-00299.png
11,BadImag/Bmp/Sample011/img011-00325.png
12,GoodImg/Bmp/Sample012/img012-00011.png
12,GoodImg/Bmp/Sample012/img012-00050.png
12,GoodImg/Bmp/Sample012/img012-00054.png
12,GoodImg/Bmp/Sample012/img012-00071.png
12,GoodImg/Bmp/Sample012/img012-00074.png
12,GoodImg/Bmp/Sample012/img012-00083.png
12,GoodImg/Bmp/Sample012/img012-00087.png
12,GoodImg/Bmp/Sample012/img012-00093.png
12,GoodImg/Bmp/Sample012/img012-00105.png
12,BadImag/Bmp/Sample012/img012-00003.png
12,BadImag/Bmp/Sample012/img012-00020.png
12,BadImag/Bmp/Sample012/img012-00023.png
12,BadImag/Bmp/Sample012/img012-00027.png
12,BadImag/Bmp/Sample012/img012-00052.png
12,BadImag/Bmp/Sample012/img012-00055.png
13,GoodImg/Bmp/Sample013/img013-00010.png
13,GoodImg/Bmp/Sample013/img013-00011.png
13,GoodImg/Bmp/Sample013/img013-00030.png
13,GoodImg/Bmp/Sample013/img013-00067.png
13,GoodImg/Bmp/Sample013/img013-00089.png
13,GoodImg/Bmp/Sample013/img013-00120.png
13,GoodImg/Bmp/Sample013/img013-00126.png
13,GoodImg/Bmp/Sample013/img013-00127.png
13,GoodImg/Bmp/Sample013/img013-00170.png
13,BadImag/Bmp/Sample013/img013-00030.png
13,BadImag/Bmp/Sample013/img013-00045.png
13,BadImag/Bmp/Sample013/img013-00058.png
13,BadImag/Bmp/Sample013/img013-00087.png
13,BadImag/Bmp/Sample013/img013-00108.png
13,BadImag/Bmp/Sample013/img013-00116.png
14,GoodImg/Bmp/Sample014/img014-00033.png
14,GoodImg/Bmp/Sample014/img014-00092.png
14,GoodImg/Bmp/Sample014/img014-00101.png
14,GoodImg/Bmp/Sample014/img014-00106.png
14,GoodImg/Bmp/Sample014/img014-00115.png
14,GoodImg/Bmp/Sample014/img014-00116.png
14,GoodImg/Bmp/Sample014/img014-00158.png
14,GoodImg/Bmp/Sample014/img014-00183.png
14,BadImag/Bmp/Sample014/img014-00006.png
14,BadImag/Bmp/Sample014/img014-00024.png
14,BadImag/Bmp/Sample014/img014-00054.png
14,BadImag/Bmp/Sample014/img014-00058.png
14,BadImag/Bmp/Sample014/img014-00061.png
14,BadImag/Bmp/Sample014/img014-00079.png
14,BadImag/Bmp/Sample014/img014-00089.png
15,GoodImg/Bmp/Sample015/img015-00062.png
15,GoodImg/Bmp/Sample015/img015-00084.png
15,GoodImg/Bmp/Sample015/img015-00090.png
15,GoodImg/Bmp/Sample015/img015-00124.png
15,GoodImg/Bmp/Sample015/img015-00130.png
15,GoodImg/Bmp/Sample015/img015-00132.png
15,GoodImg/Bmp/Sample015/img015-00156.png
15,GoodImg/Bmp/Sample015/img015-00167.png
15,GoodImg/Bmp/Sample015/img015-00324.png
15,GoodImg/Bmp/Sample015/img015-00372.png
15,BadImag/Bmp/Sample015/img015-00028.png
15,BadImag/Bmp/Sample015/img015-00052.png
15,BadImag/Bmp/Sample015/img015-00081.png
15,BadImag/Bmp/Sample015/img015-00233.png
15,BadImag/Bmp/Sample015/img015-00234.png
16,GoodImg/Bmp/Sample016/img016-00007.png
16,GoodImg/Bmp/Sample016/img016-00019.png
16,GoodImg/Bmp/Sample016/img016-00027.png
16,GoodImg/Bmp/Sample016/img016-00028.png
16,GoodImg/Bmp/Sample016/img016-00039.png
16,GoodImg/Bmp/Sample016/img016-00040.png
16,GoodImg/Bmp/Sample016/img016-00046.png
16,GoodImg/Bmp/Sample016/img016-00060.png
16,GoodImg/Bmp/Sample016/img016-00066.png
16,GoodImg/Bmp/Sample016/img016-00068.png
16,BadImag/Bmp/Sample016/img016-00018.png
16,BadImag/Bmp/Sample016/img016-00022.png
16,BadImag/Bmp/Sample016/img016-00026.png
16,BadImag/Bmp/Sample016/img016-00040.png
16,BadImag/Bmp/Sample016/img016-00050.png
17,GoodImg/Bmp/Sample017/img017-00011.png
17,GoodImg/Bmp/Sample017/img017-00013.png
17,GoodImg/Bmp/Sample017/img017-00028.png
17,GoodImg/Bmp/Sample017/img017-00040.png
17,GoodImg/Bmp/Sample017/img017-00069.png
17,GoodImg/Bmp/Sample017/img017-00080.png
17,GoodImg/Bmp/Sample017/img017-00101.png
17,BadImag/Bmp/Sample017/img017-00002.png
17,BadImag/Bmp/Sample017/img017-00003.png
17,BadImag/Bmp/Sample017/img017-00005.png
17,BadImag/Bmp/Sample017/img017-00014.png
17,BadImag/Bmp/Sample017/img017-00042.png
17,BadImag/Bmp/Sample017/img017-00043.png
17,BadImag/Bmp/Sample017/img017-00063.png
17,BadImag/Bmp/Sample017/img017-00070.png
18,GoodImg/Bmp/Sample018/img018-00047.png
18,GoodImg/Bmp/Sample018/img018-00056.png
18,GoodImg/Bmp/Sample018/img018-00122.png
18,GoodImg/Bmp/Sample018/img018-00143.png
18,GoodImg/Bmp/Sample018/img018-00144.png
18,GoodImg/Bmp/Sample018/img018-00171.png
18,BadImag/Bmp/Sample018/img018-00015.png
18,BadImag/Bmp/Sample018/img018-00044.png
18,BadImag/Bmp/Sample018/img018-00046.png
18,BadImag/Bmp/Sample018/img018-00055.png
18,BadImag/Bmp/Sample018/img018-00076.png
18,BadImag/Bmp/Sample018/img018-00085.png
18,BadImag/Bmp/Sample018/img018-00087.png
18,BadImag/Bmp/Sample018/img018-00090.png
18,BadImag/Bmp/Sample018/img018-00093.png
19,GoodImg/Bmp/Sample019/img019-00030.png
19,GoodImg/Bmp/Sample019/img019-00066.png
19,GoodImg/Bmp/Sample019/img019-00070.png
19,GoodImg/Bmp/Sample019/img019-00122.png
19,GoodImg/Bmp/Sample019/img019-00131.png
19,GoodImg/Bmp/Sample019/img019-00147.png
19,GoodImg/Bmp/Sample019/img019-00281.png
19,BadImag/Bmp/Sample019/img019-00012.png
19,BadImag/Bmp/Sample019/img019-00044.png
19,BadImag/Bmp/Sample019/img019-00104.png
19,BadImag/Bmp/Sample019/img019-00118.png
19,BadImag/Bmp/Sample019/img019-00133.png
19,BadImag/Bmp/Sample019/img019-00159.png
19,BadImag/Bmp/Sample019/img019-00204.png
19,BadImag/Bmp/Sample019/img019-00214.png
20,GoodImg/Bmp/Sample020/img020-00001.png
20,GoodImg/Bmp/Sample020/img020-00004.png
20,GoodImg/Bmp/Sample020/img020-00010.png
20,GoodImg/Bmp/Sample020/img020-00020.png
20,GoodImg/Bmp/Sample020/img020-00021.png
20,GoodImg/Bmp/Sample020/img020-00047.png
20,GoodImg/Bmp/Sample020/img020-00054.png
20,GoodImg/Bmp/Sample020/img020-00058.png
20,GoodImg/Bmp/Sample020/img020-00071.png
20,GoodImg/Bmp/Sample020/img020-00072.png
20,GoodImg/Bmp/Sample020/img020-00075.png
20,BadImag/Bmp/Sample020/img020-00008.png
20,BadImag/Bmp/Sample020/img020-00013.png
20,BadImag/Bmp/Sample020/img020-00014.png
20,BadImag/Bmp/Sample020/img020-00024.png
21,GoodImg/Bmp/Sample021/img021-00007.png
21,GoodImg/Bmp/Sample021/img021-00024.png
21,GoodImg/Bmp/Sample021/img021-00042.png
21,GoodImg/Bmp/Sample021/img021-00050.png
21,GoodImg/Bmp/Sample021/img021-00052.png
21,GoodImg/Bmp/Sample021/img021-00068.png
21,GoodImg/Bmp/Sample021/img021-00078.png
21,GoodImg/Bmp/Sample021/img021-00081.png
21,GoodImg/Bmp/Sample021/img021-00089.png
21,GoodImg/Bmp/Sample021/img021-00090.png
21,BadImag/Bmp/Sample021/img021-00014.png
21,BadImag/Bmp/Sample021/img021-00015.png
21,BadImag/Bmp/Sample021/img021-00025.png
21,BadImag/Bmp/Sample021/img021-00031.png
21,BadImag/Bmp/Sample021/img021-00032.png
22,GoodImg/Bmp/Sample022/img022-00014.png
22,GoodImg/Bmp/Sample022/img022-00023.png
22,GoodImg/Bmp/Sample022/img022-00042.png
22,GoodImg/Bmp/Sample022/img022-00141.png
22,GoodImg/Bmp/Sample022/img022-00208.png
22,GoodImg/Bmp/Sample022/img022-00215.png
22,BadImag/Bmp/Sample022/img022-00020.png
22,BadImag/Bmp/Sample022/img022-00021.png
22,BadImag/Bmp/Sample022/img022-00022.png
22,BadImag/Bmp/Sample022/img022-00025.png
22,BadImag/Bmp/Sample022/img022-00047.png
22,BadImag/Bmp/Sample022/img022-00080.png
22,BadImag/Bmp/Sample022/img022-00090.png
22,BadImag/Bmp/Sample022/img022-00091.png
22,BadImag/Bmp/Sample022/img022-00111.png
23,GoodImg/Bmp/Sample023/img023-00020.png
23,GoodImg/Bmp/Sample023/img023-00050.png
23,GoodImg/Bmp/Sample023/img023-00062.png
23,GoodImg/Bmp/Sample023/img023-00074.png
23,GoodImg/Bmp/Sample023/img023-00093.png
23,GoodImg/Bmp/Sample023/img023-00099.png
23,GoodImg/Bmp/Sample023/img023-00105.png
23,GoodImg/Bmp/Sample023/img023-00115.png
23,GoodImg/Bmp/Sample023/img023-00128.png
23,GoodImg/Bmp/Sample023/img023-00131.png
23,GoodImg/Bmp/Sample023/img023-00144.png
23,BadImag/Bmp/Sample023/img023-00018.png
23,BadImag/Bmp/Sample023/img023-00033.png
23,BadImag/Bmp/Sample023/img023-00038.png
23,BadImag/Bmp/Sample023/img023-00066.png
24,GoodImg/Bmp/Sample024/img024-00030.png
24,GoodImg/Bmp/Sample024/img024-00171.png
24,GoodImg/Bmp/Sample024/img024-00176.png
24,GoodImg/Bmp/Sample024/img024-00211.png
24,GoodImg/Bmp/Sample024/img024-00220.png
24,GoodImg/Bmp/Sample024/img024-00230.png
24,GoodImg/Bmp/Sample024/img024-00250.png
24,GoodImg/Bmp/Sample024/img024-00287.png
24,BadImag/Bmp/Sample024/img024-00023.png
24,BadImag/Bmp/Sample024/img024-00038.png
24,BadImag/Bmp/Sample024/img024-00040.png
24,BadImag/Bmp/Sample024/img024-00050.png
24,BadImag/Bmp/Sample024/img024-00182.png
24,BadImag/Bmp/Sample024/img024-00185.png
24,BadImag/Bmp/Sample024/img024-00193.png
25,GoodImg/Bmp/Sample025/img025-00055.png
25,GoodImg/Bmp/Sample025/img025-00066.png
25,GoodImg/Bmp/Sample025/img025-00145.png
25,GoodImg/Bmp/Sample025/img025-00207.png
25,GoodImg/Bmp/Sample025/img025-00231.png
25,GoodImg/Bmp/Sample025/img025-00278.png
25,GoodImg/Bmp/Sample025/img025-00283.png
25,GoodImg/Bmp/Sample025/img025-00327.png
25,BadImag/Bmp/Sample025/img025-00039.png
25,BadImag/Bmp/Sample025/img025-00043.png
25,BadImag/Bmp/Sample025/img025-00045.png
25,BadImag/Bmp/Sample025/img025-00097.png
25,BadImag/Bmp/Sample025/img025-00154.png
25,BadImag/Bmp/Sample025/img025-00169.png
25,BadImag/Bmp/Sample025/img025-00181.png
26,GoodImg/Bmp/Sample026/img026-00003.png
26,GoodImg/Bmp/Sample026/img026-00021.png
26,GoodImg/Bmp/Sample026/img026-00025.png
26,GoodImg/Bmp/Sample026/img026-00032.png
26,GoodImg/Bmp/Sample026/img026-00034.png
26,GoodImg/Bmp/Sample026/img026-00058.png
26,GoodImg/Bmp/Sample026/img026-00126.png
26,GoodImg/Bmp/Sample026/img026-00128.png
26,GoodImg/Bmp/Sample026/img026-00131.png
26,GoodImg/Bmp/Sample026/img026-00140.png
26,GoodImg/Bmp/Sample026/img026-00156.png
26,BadImag/Bmp/Sample026/img026-00029.png
26,BadImag/Bmp/Sample026/img026-00049.png
26,BadImag/Bmp/Sample026/img026-00054.png
26,BadImag/Bmp/Sample026/img026-00076.png
27,GoodImg/Bmp/Sample027/img027-00001.png
27,GoodImg/Bmp/Sample027/img027-00004.png
27,GoodImg/Bmp/Sample027/img027-00006.png
27,GoodImg/Bmp/Sample027/img027-00013.png
27,GoodImg/Bmp/Sample027/img027-00015.png
27,GoodImg/Bmp/Sample027/img027-00020.png
27,GoodImg/Bmp/Sample027/img027-00022.png
27,GoodImg/Bmp/Sample027/img027-00023.png
27,GoodImg/Bmp/Sample027/img027-00024.png
27,GoodImg/Bmp/Sample027/img027-00025.png
27,GoodImg/Bmp/Sample027/img027-00026.png
27,GoodImg/Bmp/Sample027/img027-00029.png
27,GoodImg/Bmp/Sample027/img027-00030.png
27,GoodImg/Bmp/Sample027/img027-00034.png
27,GoodImg/Bmp/Sample027/img027-00035.png
28,GoodImg/Bmp/Sample028/img028-00017.png
28,GoodImg/Bmp/Sample028/img028-00046.png
28,GoodImg/Bmp/Sample028/img028-00063.png
28,GoodImg/Bmp/Sample028/img028-00083.png
28,GoodImg/Bmp/Sample028/img028-00144.png
28,GoodImg/Bmp/Sample028/img028-00163.png
28,GoodImg/Bmp/Sample028/img028-00263.png
28,GoodImg/Bmp/Sample028/img028-00344.png
28,GoodImg/Bmp/Sample028/img028-00358.png
28,GoodImg/Bmp/Sample028/img028-00389.png
28,BadImag/Bmp/Sample028/img028-00075.png
28,BadImag/Bmp/Sample028/img028-00099.png
28,BadImag/Bmp/Sample028/img028-00124.png
28,BadImag/Bmp/Sample028/img028-00188.png
28,BadImag/Bmp/Sample028/img028-00223.png
29,GoodImg/Bmp/Sample029/img029-00088.png
29,GoodImg/Bmp/Sample029/img029-00097.png
29,GoodImg/Bmp/Sample029/img029-00102.png
29,GoodImg/Bmp/Sample029/img029-00210.png
29,GoodImg/Bmp/Sample029/img029-00265.png
29,GoodImg/Bmp/Sample029/img029-00301.png
29,GoodImg/Bmp/Sample029/img029-00312.png
29,GoodImg/Bmp/Sample029/img029-00341.png
29,BadImag/Bmp/Sample029/img029-00014.png
29,BadImag/Bmp/Sample029/img029-00026.png
29,BadImag/Bmp/Sample029/img029-00027.png
29,BadImag/Bmp/Sample029/img029-00035.png
29,BadImag/Bmp/Sample029/img029-00052.png
29,BadImag/Bmp/Sample029/img029-00167.png
29,BadImag/Bmp/Sample029/img029-00181.png
30,GoodImg/Bmp/Sample030/img030-00004.png
30,GoodImg/Bmp/Sample030/img030-00095.png
30,GoodImg/Bmp/Sample030/img030-00096.png
30,GoodImg/Bmp/Sample030/img030-00117.png
30,GoodImg/Bmp/Sample030/img030-00141.png
30,GoodImg/Bmp/Sample030/img030-00151.png
30,GoodImg/Bmp/Sample030/img030-00168.png
30,GoodImg/Bmp/Sample030/img030-00196.png
30,GoodImg/Bmp/Sample030/img030-00265.png
30,GoodImg/Bmp/Sample030/img030-00311.png
30,BadImag/Bmp/Sample030/img030-00040.png
30,BadImag/Bmp/Sample030/img030-00058.png
30,BadImag/Bmp/Sample030/img030-00107.png
30,BadImag/Bmp/Sample030/img030-00113.png
30,BadImag/Bmp/Sample030/img030-00151.png
31,GoodImg/Bmp/Sample031/img031-00005.png
31,GoodImg/Bmp/Sample031/img031-00007.png
31,GoodImg/Bmp/Sample031/img031-00009.png
31,GoodImg/Bmp/Sample031/img031-00015.png
31,GoodImg/Bmp/Sample031/img031-00023.png
31,GoodImg/Bmp/Sample031/img031-00042.png
31,GoodImg/Bmp/Sample031/img031-00053.png
31,GoodImg/Bmp/Sample031/img031-00070.png
31,GoodImg/Bmp/Sample031/img031-00074.png
31,BadImag/Bmp/Sample031/img031-00002.png
31,BadImag/Bmp/Sample031/img031-00009.png
31,BadImag/Bmp/Sample031/img031-00012.png
31,BadImag/Bmp/Sample031/img031-00013.png
31,BadImag/Bmp/Sample031/img031-00037.png
31,BadImag/Bmp/Sample031/img031-00041.png
32,GoodImg/Bmp/Sample032/img032-00013.png
32,GoodImg/Bmp/Sample032/img032-00020.png
32,GoodImg/Bmp/Sample032/img032-00024.png
32,GoodImg/Bmp/Sample032/img032-00041.png
32,GoodImg/Bmp/Sample032/img032-00042.png
32,GoodImg/Bmp/Sample032/img032-00043.png
32,GoodImg/Bmp/Sample032/img032-00047.png
32,GoodImg/Bmp/Sample032/img032-00050.png
32,GoodImg/Bmp/Sample032/img032-00055.png
32,GoodImg/Bmp/Sample032/img032-00057.png
32,GoodImg/Bmp/Sample032/img032-00078.png
32,GoodImg/Bmp/Sample032/img032-00080.png
32,BadImag/Bmp/Sample032/img032-00002.png
32,BadImag/Bmp/Sample032/img032-00007.png
32,BadImag/Bmp/Sample032/img032-00044.png
33,GoodImg/Bmp/Sample033/img033-00009.png
33,GoodImg/Bmp/Sample033/img033-00026.png
33,GoodImg/Bmp/Sample033/img033-00046.png
33,GoodImg/Bmp/Sample033/img033-00051.png
33,GoodImg/Bmp/Sample033/img033-00052.png
33,GoodImg/Bmp/Sample033/img033-00057.png
33,GoodImg/Bmp/Sample033/img033-00059.png
33,GoodImg/Bmp/Sample033/img033-00064.png
33,BadImag/Bmp/Sample033/img033-00003.png
33,BadImag/Bmp/Sample033/img033-00007.png
33,BadImag/Bmp/Sample033/img033-00024.png
33,BadImag/Bmp/Sample033/img033-00025.png
33,BadImag/Bmp/Sample033/img033-00027.png
33,BadImag/Bmp/Sample033/img033-00032.png
33,BadImag/Bmp/Sample033/img033-00035.png
34,GoodImg/Bmp/Sample034/img034-00008.png
34,GoodImg/Bmp/Sample034/img034-00010.png
34,GoodImg/Bmp/Sample034/img034-00011.png
34,GoodImg/Bmp/Sample034/img034-00013.png
34,GoodImg/Bmp/Sample034/img034-00014.png
34,GoodImg/Bmp/Sample034/img034-00015.png
34,GoodImg/Bmp/Sample034/img034-00016.png
34,GoodImg/Bmp/Sample034/img034-00018.png
34,GoodImg/Bmp/Sample034/img034-00022.png
34,GoodImg/Bmp/Sample034/img034-00032.png
34,GoodImg/Bmp/Sample034/img034-00036.png
34,GoodImg/Bmp/Sample034/img034-00062.png
34,GoodImg/Bmp/Sample034/img034-00067.png
34,GoodImg/Bmp/Sample034/img034-00068.png
34,GoodImg/Bmp/Sample034/img034-00074.png
35,GoodImg/Bmp/Sample035/img035-00005.png
35,GoodImg/Bmp/Sample035/img035-00006.png
35,GoodImg/Bmp/Sample035/img035-00014.png
35,GoodImg/Bmp/Sample035/img035-00019.png
35,GoodImg/Bmp/Sample035/img035-00031.png
35,GoodImg/Bmp/Sample035/img035-00059.png
35,GoodImg/Bmp/Sample035/img035-00060.png
35,GoodImg/Bmp/Sample035/img035-00067.png
35,BadImag/Bmp/Sample035/img035-00009.png
35,BadImag/Bmp/Sample035/img035-00013.png
35,BadImag/Bmp/Sample035/img035-00017.png
35,BadImag/Bmp/Sample035/img035-00026.png
35,BadImag/Bmp/Sample035/img035-00030.png
35,BadImag/Bmp/Sample035/img035-00032.png
35,BadImag/Bmp/Sample035/img035-00040.png
36,GoodImg/Bmp/Sample036/img036-00001.png
36,GoodImg/Bmp/Sample036/img036-00004.png
36,GoodImg/Bmp/Sample036/img036-00005.png
36,GoodImg/Bmp/Sample036/img036-00015.png
36,GoodImg/Bmp/Sample036/img036-00017.png
36,GoodImg/Bmp/Sample036/img036-00020.png
36,GoodImg/Bmp/Sample036/img036-00021.png
36,GoodImg/Bmp/Sample036/img036-00027.png
36,GoodImg/Bmp/Sample036/img036-00028.png
36,GoodImg/Bmp/Sample036/img036-00034.png
36,GoodImg/Bmp/Sample036/img036-00035.png
36,GoodImg/Bmp/Sample036/img036-00036.png
36,GoodImg/Bmp/Sample036/img036-00038.png
36,GoodImg/Bmp/Sample036/img036-00040.png
36,GoodImg/Bmp/Sample036/img036-00048.png
37,GoodImg/Bmp/Sample037/img037-00033.png
37,GoodImg/Bmp/Sample037/img037-00041.png
37,GoodImg/Bmp/Sample037/img037-00102.png
37,GoodImg/Bmp/Sample037/img037-00120.png
37,GoodImg/Bmp/Sample037/img037-00124.png
37,BadImag/Bmp/Sample037/img037-00026.png
37,BadImag/Bmp/Sample037/img037-00030.png
37,BadImag/Bmp/Sample037/img037-00036.png
37,BadImag/Bmp/Sample037/img037-00049.png
37,BadImag/Bmp/Sample037/img037-00058.png
37,BadImag/Bmp/Sample037/img037-00059.png
37,BadImag/Bmp/Sample037/img037-00087.png
37,BadImag/Bmp/Sample037/img037-00093.png
37,BadImag/Bmp/Sample037/img037-00099.png
37,BadImag/Bmp/Sample037/img037-00128.png
38,GoodImg/Bmp/Sample038/img038-00001.png
38,GoodImg/Bmp/Sample038/img038-00002.png
38,GoodImg/Bmp/Sample038/img038-00004.png
38,GoodImg/Bmp/Sample038/img038-00008.png
38,GoodImg/Bmp/Sample038/img038-00009.png
38,GoodImg/Bmp/Sample038/img038-00010.png
38,GoodImg/Bmp/Sample038/img038-00011.png
38,GoodImg/Bmp/Sample038/img038-00013.png
38,GoodImg/Bmp/Sample038/img038-00018.png
38,GoodImg/Bmp/Sample038/img038-00019.png
38,GoodImg/Bmp/Sample038/img038-00028.png
38,GoodImg/Bmp/Sample038/img038-00031.png
38,GoodImg/Bmp/Sample038/img038-00033.png
38,BadImag/Bmp/Sample038/img038-00003.png
38,BadImag/Bmp/Sample038/img038-00006.png
39,GoodImg/Bmp/Sample039/img039-00020.png
39,GoodImg/Bmp/Sample039/img039-00024.png
39,GoodImg/Bmp/Sample039/img039-00026.png
39,GoodImg/Bmp/Sample039/img039-00030.png
39,GoodImg/Bmp/Sample039/img039-00036.png
39,GoodImg/Bmp/Sample039/img039-00037.png
39,GoodImg/Bmp/Sample039/img039-00038.png
39,GoodImg/Bmp/Sample039/img039-00042.png
39,GoodImg/Bmp/Sample039/img039-00063.png
39,BadImag/Bmp/Sample039/img039-00006.png
39,BadImag/Bmp/Sample039/img039-00010.png
39,BadImag/Bmp/Sample039/img039-00011.png
39,BadImag/Bmp/Sample039/img039-00020.png
39,BadImag/Bmp/Sample039/img039-00026.png
39,BadImag/Bmp/Sample039/img039-00033.png
40,GoodImg/Bmp/Sample040/img040-00003.png
40,GoodImg/Bmp/Sample040/img040-00012.png
40,GoodImg/Bmp/Sample040/img040-00016.png
40,GoodImg/Bmp/Sample040/img040-00030.png
40,GoodImg/Bmp/Sample040/img040-00040.png
40,GoodImg/Bmp/Sample040/img040-00044.png
40,BadImag/Bmp/Sample040/img040-00018.png
40,BadImag/Bmp/Sample040/img040-00022.png
40,BadImag/Bmp/Sample040/img040-00024.png
40,BadImag/Bmp/Sample040/img040-00025.png
40,BadImag/Bmp/Sample040/img040-00026.png
40,BadImag/Bmp/Sample040/img040-00033.png
40,BadImag/Bmp/Sample040/img040-00043.png
40,BadImag/Bmp/Sample040/img040-00045.png
40,BadImag/Bmp/Sample040/img040-00050.png
41,GoodImg/Bmp/Sample041/img041-00019.png
41,GoodImg/Bmp/Sample041/img041-00025.png
41,GoodImg/Bmp/Sample041/img041-00073.png
41,GoodImg/Bmp/Sample041/img041-00082.png
41,GoodImg/Bmp/Sample041/img041-00106.png
41,GoodImg/Bmp/Sample041/img041-00133.png
41,GoodImg/Bmp/Sample041/img041-00152.png
41,GoodImg/Bmp/Sample041/img041-00170.png
41,BadImag/Bmp/Sample041/img041-00006.png
41,BadImag/Bmp/Sample041/img041-00032.png
41,BadImag/Bmp/Sample041/img041-00078.png
41,BadImag/Bmp/Sample041/img041-00091.png
41,BadImag/Bmp/Sample041/img041-00118.png
41,BadImag/Bmp/Sample041/img041-00133.png
41,BadImag/Bmp/Sample041/img041-00164.png
42,GoodImg/Bmp/Sample042/img042-00006.png
42,GoodImg/Bmp/Sample042/img042-00008.png
42,GoodImg/Bmp/Sample042/img042-00009.png
42,GoodImg/Bmp/Sample042/img042-00013.png
42,GoodImg/Bmp/Sample042/img042-00015.png
42,GoodImg/Bmp/Sample042/img042-00020.png
42,GoodImg/Bmp/Sample042/img042-00022.png
42,GoodImg/Bmp/Sample042/img042-00025.png
42,GoodImg/Bmp/Sample042/img042-00027.png
42,GoodImg/Bmp/Sample042/img042-00029.png
42,BadImag/Bmp/Sample042/img042-00006.png
42,BadImag/Bmp/Sample042/img042-00011.png
42,BadImag/Bmp/Sample042/img042-00014.png
42,BadImag/Bmp/Sample042/img042-00015.png
42,BadImag/Bmp/Sample042/img042-00016.png
43,GoodImg/Bmp/Sample043/img043-00002.png
43,GoodImg/Bmp/Sample043/img043-00003.png
43,GoodImg/Bmp/Sample043/img043-00008.png
43,GoodImg/Bmp/Sample043/img043-00019.png
43,GoodImg/Bmp/Sample043/img043-00025.png
43,GoodImg/Bmp/Sample043/img043-00027.png
43,GoodImg/Bmp/Sample043/img043-00029.png
43,GoodImg/Bmp/Sample043/img043-00034.png
43,GoodImg/Bmp/Sample043/img043-00036.png
43,BadImag/Bmp/Sample043/img043-00006.png
43,BadImag/Bmp/Sample043/img043-00008.png
43,BadImag/Bmp/Sample043/img043-00011.png
43,BadImag/Bmp/Sample043/img043-00014.png
43,BadImag/Bmp/Sample043/img043-00018.png
43,BadImag/Bmp/Sample043/img043-00027.png
44,GoodImg/Bmp/Sample044/img044-00001.png
44,GoodImg/Bmp/Sample044/img044-00021.png
44,GoodImg/Bmp/Sample044/img044-00024.png
44,GoodImg/Bmp/Sample044/img044-00026.png
44,GoodImg/Bmp/Sample044/img044-00039.png
44,GoodImg/Bmp/Sample044/img044-00041.png
44,GoodImg/Bmp/Sample044/img044-00046.png
44,GoodImg/Bmp/Sample044/img044-00052.png
44,BadImag/Bmp/Sample044/img044-00001.png
44,BadImag/Bmp/Sample044/img044-00004.png
44,BadImag/Bmp/Sample044/img044-00005.png
44,BadImag/Bmp/Sample044/img044-00011.png
44,BadImag/Bmp/Sample044/img044-00017.png
44,BadImag/Bmp/Sample044/img044-00032.png
44,BadImag/Bmp/Sample044/img044-00037.png
45,GoodImg/Bmp/Sample045/img045-00007.png
45,GoodImg/Bmp/Sample045/img045-00018.png
45,GoodImg/Bmp/Sample045/img045-00046.png
45,GoodImg/Bmp/Sample045/img045-00078.png
45,GoodImg/Bmp/Sample045/img045-00093.png
45,GoodImg/Bmp/Sample045/img045-00107.png
45,BadImag/Bmp/Sample045/img045-00004.png
45,BadImag/Bmp/Sample045/img045-00006.png
45,BadImag/Bmp/Sample045/img045-00018.png
45,BadImag/Bmp/Sample045/img045-00040.png
45,BadImag/Bmp/Sample045/img045-00070.png
45,BadImag/Bmp/Sample045/img045-00119.png
45,BadImag/Bmp/Sample045/img045-00123.png
45,BadImag/Bmp/Sample045/img045-00125.png
45,BadImag/Bmp/Sample045/img045-00127.png
46,GoodImg/Bmp/Sample046/img046-00001.png
46,GoodImg/Bmp/Sample046/img046-00002.png
46,GoodImg/Bmp/Sample046/img046-00005.png
46,GoodImg/Bmp/Sample046/img046-00006.png
46,GoodImg/Bmp/Sample046/img046-00009.png
46,GoodImg/Bmp/Sample046/img046-00012.png
46,GoodImg/Bmp/Sample046/img046-00013.png
46,GoodImg/Bmp/Sample046/img046-00014.png
46,GoodImg/Bmp/Sample046/img046-00020.png
46,GoodImg/Bmp/Sample046/img046-00022.png
46,GoodImg/Bmp/Sample046/img046-00025.png
46,GoodImg/Bmp/Sample046/img046-00027.png
46,GoodImg/Bmp/Sample046/img046-00029.png
46,GoodImg/Bmp/Sample046/img046-00031.png
46,BadImag/Bmp/Sample046/img046-00006.png
47,GoodImg/Bmp/Sample047/img047-00002.png
47,GoodImg/Bmp/Sample047/img047-00004.png
47,GoodImg/Bmp/Sample047/img047-00009.png
47,GoodImg/Bmp/Sample047/img047-00012.png
47,GoodImg/Bmp/Sample047/img047-00013.png
47,GoodImg/Bmp/Sample047/img047-00015.png
47,GoodImg/Bmp/Sample047/img047-00017.png
47,GoodImg/Bmp/Sample047/img047-00023.png
47,GoodImg/Bmp/Sample047/img047-00026.png
47,GoodImg/Bmp/Sample047/img047-00027.png
47,GoodImg/Bmp/Sample047/img047-00029.png
47,BadImag/Bmp/Sample047/img047-00006.png
47,BadImag/Bmp/Sample047/img047-00008.png
47,BadImag/Bmp/Sample047/img047-00009.png
47,BadImag/Bmp/Sample047/img047-00012.png
48,GoodImg/Bmp/Sample048/img048-00002.png
48,GoodImg/Bmp/Sample048/img048-00003.png
48,GoodImg/Bmp/Sample048/img048-00024.png
48,GoodImg/Bmp/Sample048/img048-00028.png
48,GoodImg/Bmp/Sample048/img048-00040.png
48,BadImag/Bmp/Sample048/img048-00012.png
48,BadImag/Bmp/Sample048/img048-00013.png
48,BadImag/Bmp/Sample048/img048-00022.png
48,BadImag/Bmp/Sample048/img048-00027.png
48,BadImag/Bmp/Sample048/img048-00043.png
48,BadImag/Bmp/Sample048/img048-00048.png
48,BadImag/Bmp/Sample048/img048-00057.png
48,BadImag/Bmp/Sample048/img048-00059.png
48,BadImag/Bmp/Sample048/img048-00064.png
48,BadImag/Bmp/Sample048/img048-00082.png
49,GoodImg/Bmp/Sample049/img049-00003.png
49,GoodImg/Bmp/Sample049/img049-00013.png
49,GoodImg/Bmp/Sample049/img049-00014.png
49,GoodImg/Bmp/Sample049/img049-00027.png
49,GoodImg/Bmp/Sample049/img049-00036.png
49,GoodImg/Bmp/Sample049/img049-00038.png
49,GoodImg/Bmp/Sample049/img049-00043.png
49,BadImag/Bmp/Sample049/img049-00001.png
49,BadImag/Bmp/Sample049/img049-00003.png
49,BadImag/Bmp/Sample049/img049-00007.png
49,BadImag/Bmp/Sample049/img049-00010.png
49,BadImag/Bmp/Sample049/img049-00017.png
49,BadImag/Bmp/Sample049/img049-00030.png
49,BadImag/Bmp/Sample049/img049-00031.png
49,BadImag/Bmp/Sample049/img049-00032.png
50,GoodImg/Bmp/Sample050/img050-00006.png
50,GoodImg/Bmp/Sample050/img050-00007.png
50,GoodImg/Bmp/Sample050/img050-00056.png
50,GoodImg/Bmp/Sample050/img050-00059.png
50,GoodImg/Bmp/Sample050/img050-00080.png
50,GoodImg/Bmp/Sample050/img050-00082.png
50,GoodImg/Bmp/Sample050/img050-00115.png
50,BadImag/Bmp/Sample050/img050-00004.png
50,BadImag/Bmp/Sample050/img050-00046.png
50,BadImag/Bmp/Sample050/img050-00054.png
50,BadImag/Bmp/Sample050/img050-00055.png
50,BadImag/Bmp/Sample050/img050-00059.png
50,BadImag/Bmp/Sample050/img050-00067.png
50,BadImag/Bmp/Sample050/img050-00072.png
50,BadImag/Bmp/Sample050/img050-00088.png
51,GoodImg/Bmp/Sample051/img051-00002.png
51,GoodImg/Bmp/Sample051/img051-00004.png
51,GoodImg/Bmp/Sample051/img051-00005.png
51,GoodImg/Bmp/Sample051/img051-00020.png
51,GoodImg/Bmp/Sample051/img051-00022.png
51,GoodImg/Bmp/Sample051/img051-00032.png
51,GoodImg/Bmp/Sample051/img051-00035.png
51,GoodImg/Bmp/Sample051/img051-00055.png
51,GoodImg/Bmp/Sample051/img051-00063.png
51,GoodImg/Bmp/Sample051/img051-00080.png
51,GoodImg/Bmp/Sample051/img051-00138.png
51,BadImag/Bmp/Sample051/img051-00048.png
51,BadImag/Bmp/Sample051/img051-00050.png
51,BadImag/Bmp/Sample051/img051-00067.png
51,BadImag/Bmp/Sample051/img051-00098.png
52,GoodImg/Bmp/Sample052/img052-00001.png
52,GoodImg/Bmp/Sample052/img052-00004.png
52,GoodImg/Bmp/Sample052/img052-00009.png
52,GoodImg/Bmp/Sample052/img052-00011.png
52,GoodImg/Bmp/Sample052/img052-00020.png
52,GoodImg/Bmp/Sample052/img052-00026.png
52,GoodImg/Bmp/Sample052/img052-00030.png
52,BadImag/Bmp/Sample052/img052-00012.png
52,BadImag/Bmp/Sample052/img052-00014.png
52,BadImag/Bmp/Sample052/img052-00015.png
52,BadImag/Bmp/Sample052/img052-00022.png
52,BadImag/Bmp/Sample052/img052-00030.png
52,BadImag/Bmp/Sample052/img052-00031.png
52,BadImag/Bmp/Sample052/img052-00034.png
52,BadImag/Bmp/Sample052/img052-00035.png
53,GoodImg/Bmp/Sample053/img053-00003.png
53,GoodImg/Bmp/Sample053/img053-00004.png
53,GoodImg/Bmp/Sample053/img053-00006.png
53,GoodImg/Bmp/Sample053/img053-00008.png
53,GoodImg/Bmp/Sample053/img053-00013.png
53,GoodImg/Bmp/Sample053/img053-00016.png
53,GoodImg/Bmp/Sample053/img053-00020.png
53,GoodImg/Bmp/Sample053/img053-00021.png
53,GoodImg/Bmp/Sample053/img053-00027.png
53,GoodImg/Bmp/Sample053/img053-00033.png
53,GoodImg/Bmp/Sample053/img053-00035.png
53,GoodImg/Bmp/Sample053/img053-00036.png
53,GoodImg/Bmp/Sample053/img053-00043.png
53,GoodImg/Bmp/Sample053/img053-00052.png
53,BadImag/Bmp/Sample053/img053-00001.png
54,GoodImg/Bmp/Sample054/img054-00013.png
54,GoodImg/Bmp/Sample054/img054-00029.png
54,GoodImg/Bmp/Sample054/img054-00041.png
54,GoodImg/Bmp/Sample054/img054-00064.png
54,GoodImg/Bmp/Sample054/img054-00074.png
54,GoodImg/Bmp/Sample054/img054-00093.png
54,GoodImg/Bmp/Sample054/img054-00122.png
54,BadImag/Bmp/Sample054/img054-00006.png
54,BadImag/Bmp/Sample054/img054-00024.png
54,BadImag/Bmp/Sample054/img054-00048.png
54,BadImag/Bmp/Sample054/img054-00052.png
54,BadImag/Bmp/Sample054/img054-00087.png
54,BadImag/Bmp/Sample054/img054-00095.png
54,BadImag/Bmp/Sample054/img054-00096.png
54,BadImag/Bmp/Sample054/img054-00115.png
55,GoodImg/Bmp/Sample055/img055-00007.png
55,GoodImg/Bmp/Sample055/img055-00009.png
55,GoodImg/Bmp/Sample055/img055-00010.png
55,GoodImg/Bmp/Sample055/img055-00038.png
55,GoodImg/Bmp/Sample055/img055-00053.png
55,GoodImg/Bmp/Sample055/img055-00063.png
55,GoodImg/Bmp/Sample055/img055-00070.png
55,GoodImg/Bmp/Sample055/img055-00094.png
55,GoodImg/Bmp/Sample055/img055-00097.png
55,GoodImg/Bmp/Sample055/img055-00100.png
55,GoodImg/Bmp/Sample055/img055-00117.png
55,BadImag/Bmp/Sample055/img055-00017.png
55,BadImag/Bmp/Sample055/img055-00028.png
55,BadImag/Bmp/Sample055/img055-00059.png
55,BadImag/Bmp/Sample055/img055-00061.png
56,GoodImg/Bmp/Sample056/img056-00005.png
56,GoodImg/Bmp/Sample056/img056-00020.png
56,GoodImg/Bmp/Sample056/img056-00025.png
56,GoodImg/Bmp/Sample056/img056-00033.png
56,GoodImg/Bmp/Sample056/img056-00063.png
56,GoodImg/Bmp/Sample056/img056-00065.png
56,GoodImg/Bmp/Sample056/img056-00070.png
56,GoodImg/Bmp/Sample056/img056-00105.png
56,GoodImg/Bmp/Sample056/img056-00107.png
56,BadImag/Bmp/Sample056/img056-00010.png
56,BadImag/Bmp/Sample056/img056-00015.png
56,BadImag/Bmp/Sample056/img056-00050.png
56,BadImag/Bmp/Sample056/img056-00076.png
56,BadImag/Bmp/Sample056/img056-00083.png
56,BadImag/Bmp/Sample056/img056-00085.png
57,GoodImg/Bmp/Sample057/img057-00002.png
57,GoodImg/Bmp/Sample057/img057-00006.png
57,GoodImg/Bmp/Sample057/img057-00016.png
57,GoodImg/Bmp/Sample057/img057-00025.png
57,GoodImg/Bmp/Sample057/img057-00027.png
57,GoodImg/Bmp/Sample057/img057-00031.png
57,GoodImg/Bmp/Sample057/img057-00036.png
57,GoodImg/Bmp/Sample057/img057-00039.png
57,GoodImg/Bmp/Sample057/img057-00040.png
57,BadImag/Bmp/Sample057/img057-00002.png
57,BadImag/Bmp/Sample057/img057-00008.png
57,BadImag/Bmp/Sample057/img057-00012.png
57,BadImag/Bmp/Sample057/img057-00018.png
57,BadImag/Bmp/Sample057/img057-00030.png
57,BadImag/Bmp/Sample057/img057-00034.png
58,GoodImg/Bmp/Sample058/img058-00001.png
58,GoodImg/Bmp/Sample058/img058-00005.png
58,GoodImg/Bmp/Sample058/img058-00008.png
58,GoodImg/Bmp/Sample058/img058-00019.png
58,GoodImg/Bmp/Sample058/img058-00021.png
58,GoodImg/Bmp/Sample058/img058-00022.png
58,GoodImg/Bmp/Sample058/img058-00024.png
58,GoodImg/Bmp/Sample058/img058-00030.png
58,GoodImg/Bmp/Sample058/img058-00031.png
58,GoodImg/Bmp/Sample058/img058-00032.png
58,GoodImg/Bmp/Sample058/img058-00033.png
58,BadImag/Bmp/Sample058/img058-00004.png
58,BadImag/Bmp/Sample058/img058-00006.png
58,BadImag/Bmp/Sample058/img058-00009.png
58,BadImag/Bmp/Sample058/img058-00010.png
59,GoodImg/Bmp/Sample059/img059-00005.png
59,GoodImg/Bmp/Sample059/img059-00006.png
59,GoodImg/Bmp/Sample059/img059-00008.png
59,GoodImg/Bmp/Sample059/img059-00009.png
59,GoodImg/Bmp/Sample059/img059-00011.png
59,GoodImg/Bmp/Sample059/img059-00021.png
59,GoodImg/Bmp/Sample059/img059-00024.png
59,GoodImg/Bmp/Sample059/img059-00025.png
59,GoodImg/Bmp/Sample059/img059-00026.png
59,GoodImg/Bmp/Sample059/img059-00027.png
59,GoodImg/Bmp/Sample059/img059-00028.png
59,GoodImg/Bmp/Sample059/img059-00031.png
59,BadImag/Bmp/Sample059/img059-00002.png
59,BadImag/Bmp/Sample059/img059-00005.png
59,BadImag/Bmp/Sample059/img059-00007.png
60,GoodImg/Bmp/Sample060/img060-00006.png
60,GoodImg/Bmp/Sample060/img060-00008.png
60,GoodImg/Bmp/Sample060/img060-00011.png
60,GoodImg/Bmp/Sample060/img060-00014.png
60,GoodImg/Bmp/Sample060/img060-00017.png
60,GoodImg/Bmp/Sample060/img060-00018.png
60,GoodImg/Bmp/Sample060/img060-00024.png
60,GoodImg/Bmp/Sample060/img060-00029.png
60,GoodImg/Bmp/Sample060/img060-00031.png
60,GoodImg/Bmp/Sample060/img060-00032.png
60,BadImag/Bmp/Sample060/img060-00001.png
60,BadImag/Bmp/Sample060/img060-00004.png
60,BadImag/Bmp/Sample060/img060-00006.png
60,BadImag/Bmp/Sample060/img060-00007.png
60,BadImag/Bmp/Sample060/img060-00009.png
61,GoodImg/Bmp/Sample061/img061-00008.png
61,GoodImg/Bmp/Sample061/img061-00009.png
61,GoodImg/Bmp/Sample061/img061-00022.png
61,GoodImg/Bmp/Sample061/img061-00023.png
61,GoodImg/Bmp/Sample061/img061-00025.png
61,GoodImg/Bmp/Sample061/img061-00028.png
61,GoodImg/Bmp/Sample061/img061-00035.png
61,GoodImg/Bmp/Sample061/img061-00043.png
61,BadImag/Bmp/Sample061/img061-00001.png
61,BadImag/Bmp/Sample061/img061-00007.png
61,BadImag/Bmp/Sample061/img061-00008.png
61,BadImag/Bmp/Sample061/img061-00010.png
61,BadImag/Bmp/Sample061/img061-00016.png
61,BadImag/Bmp/Sample061/img061-00023.png
61,BadImag/Bmp/Sample061/img061-00030.png
62,GoodImg/Bmp/Sample062/img062-00002.png
62,GoodImg/Bmp/Sample062/img062-00005.png
62,GoodImg/Bmp/Sample062/img062-00006.png
62,GoodImg/Bmp/Sample062/img062-00010.png
62,GoodImg/Bmp/Sample062/img062-00011.png
62,GoodImg/Bmp/Sample062/img062-00012.png
62,GoodImg/Bmp/Sample062/img062-00016.png
62,GoodImg/Bmp/Sample062/img062-00018.png
62,GoodImg/Bmp/Sample062/img062-00021.png
62,GoodImg/Bmp/Sample062/img062-00024.png
62,GoodImg/Bmp/Sample062/img062-00026.png
62,GoodImg/Bmp/Sample062/img062-00031.png
62,GoodImg/Bmp/Sample062/img062-00034.png
62,BadImag/Bmp/Sample062/img062-00002.png
62,BadImag/Bmp/Sample062/img062-00003.png
